{
  "sleep_hours": 0.01336615563519154,
  "screen_time_hours": 0.09774045556745986,
  "exercise_minutes": 0.7024803648264794,
  "water_intake_liters": 0.030337413899303153,
  "meditation_minutes": 0.15607561007156606
}